UAE FREEZONE COMPANIES LIST ,,,By: Darkreaper
Sno,Company Name,E mail Address,
1,20:20 Logistics Middle East FZE,paul.owen@2020log.com,
2,3GNS FZCO,asad.badaei@3gns.com,
3,A & M Corp. FZCO,av@amDubai.com,
4,A Hak International Contractors Asia FZE,ankushi@a-hakinternational.ae,
5,A.D. Middle East FZE,adfza@eim.ae,
6,A.Z. Logistic FZE,info@azlogistic.net,
7,ABBOT LABORATORIES,elie.abdelkarim@abbott.co,
8,ABC Telecom FZCO,S.A.(Branch),
9,ABOURA METALS FZCO,info@abourametals.com,
10,Accardia FZCO,rst@zeoplant.ae,
11,Accord Customer Care Solutions FZCO,majdiayoub@accordccs.com,
12,Accton Technology Corporation FZCO,hina@accton-smc.ae,
13,ACE Marketing & Distribution FZE,marketing@acemd.com,
14,ADCC Infocad (Branch),infocad_ngp@sancharnet.in,
15,ADECO FZCO,info@adecofzco.com,
16,ADI Services FZE,management@adilogistics.com,
17,Advanced Security Engineering FZE,michael.pedersen@atase.ae,
18,Aecom GSS Ltd. (Branch),Permanently closed,
19,Aero-Net Middle East (Branch),,
20,Aerovista FZCO,info@aerovista.aero                                     dxb@aerovista.ae,
21,Aesa Middle East FZCO,philippe.bessat@telefonic.net,
22,AFI Logistics FZCO,dubai@afilogistics.com,
23,Agusta Aerospace Services (Branch),agustadu@emirates.net.ae,
24,AIC Ltd. (Branch),magdy@aviatrans.com,
25,AIM Electronics FZE,aim43aim@yahoo.com,
26,Air Charter Service FZCO,DXBprivate@aircharterservice.com,
27,Air Partner PLC (Branch),info@airpartner.com,
28,Airborne Systems FZE,info@absfze.net <info@absfze.net,
29,AIRBUS MIDDLE EAST FZE,erecruiting@airbus.com,
30,Aircraft Technical Support (Branch),atsdubai@emirates.net.ae,
31,AIRLINE CARGO RESOURCES FZCO,contactus@acrdxb.com,
32,Akshar Impex FZE,hitesh@calculus-me.com,
33,Akshi Investment Limited (Branch),akshi@emirates.net.ae,
34,AKZENTA DUBAI FZCO,info@akzenta.ae,
35,Al Baddad International FZCO,info@albaddad.com,
36,Al Basha Communication FZE.,info@albashamobile.aeinfo@albashamobile.ae,
37,Al Dammam Electronics FZCO,,
38,Al Fahim Italia (Branch),info@alfahim.ae,
39,Al Leewan Restaurant (Branch),Permanently closed,
40,Al Madar Est - Aire Inflight (Branch),aire@aire-inflight.ae,
41,Al Maha Capital Services FZCO,sunil@almahacapital.com,
42,Al Manal Development FZCO,support@manal-me.com,
43,Al Missally FZCO,info@al-missally.com,
44,Al Rais Travel and Shipping Agencies (Branch),info@alrais.com,
45,Al Salam 319 Ltd. (Branch),davmac@compuserve.com,
46,AL SAMH FZCO,info@basamh.com,
47,Al Tariq Corp. Limited FZCO,momany@habibalmulla.com,
48,Al Ula FZCO,al_ulaa_info@yahoo.com,
49,Al Wakeel International FZE,info@alwakeelfze.com,
50,Al Watani Telecom FZE,info@watanitelecom.com,
51,"ALBA Engineering &
Management Services and Trade FZCO",info@albaengineering.com,
52,Albayt Medical FZCO,shouse@sh.com.kw,
53,Aldiwan Translation & Typing (Branch),aldiwan@aldiwanuae.com,
54,ALES FZCO,ales@ales.aero,
55,Alhamrani Universal (Branch),fsouza@universal.com.sa,
56,Alissar Flowers International FZCO,customercare@alissarflowers.com,
57,Alkor International (Branch),mail@alkorkz.com,
58,All Body Solutions Inc (Branch),manfredshah@gmail.com,
59,Allied Technical Resources FZCO,info@ccsons.co.uk,
60,ALPHA 55 (Branch),sales@alphatech.ccsales@alpha55.net,
61,Alpha Middle East Holdings Ltd. (Branch),hadim@alpha55.net,
62,Alpha Omega Beauty FZCO,sonia@alphaomega-beauty.com,
63,Altair FZCO,info@altair.ae,
64,"Alternative Capital Invest
GmbH & Co. II. Dubai Tower KG (Branch)",info@ac-invest.com,
65,Alternative Capital Invest GmbH (Branch),,
66,"Alternative Capital Invest
GmbH and Co. Dubai Lake Tower KG (Branch)",,
67,"AMARAVATHI RESTAURANT
(Branch)","mail@tradelinellc.ae
info@amarylliscorp.com
mariam@amefzco.ae
g.tesch@ammann.de
milind@amparooverseas.com
amri@amrit.ae
amit@ddfze.ae",
68,Amaryllis H & R FZCO,,
69,AME FZCO,,
70,Ammann Asphalt NME (Branch),,
71,Amparo Overseas FZE,,
72,AMRIT FZE,,
73,AMSCA Trading FZE,,
74,AMX ME FZCO,sales@martinpro-me.com,
75,ANHAM FZCO,,
76,ANNAKA FZCO,,
77,ANNEX FZCO,,
78,Anwar Kubaisa FZE,,
79,APEX International Group FZCO,,
80,Applebees UK LLC (Branch),,
81,APS Middle East FZE,,
82,AQUAGULF LTD. (Branch),,
83,"Arabian Air Travel Agencies
L.L.C. (Branch)",,
84,Arabian Heights Residences FZCO,,
85,Arabian Marketing Corp. FZCO,,
86,Arabian Medical Marketing Co. Ltd. (Branch),,
87,Arabian Power Mobile Phones FZCO,,
88,Arcluce Middle East (Branch),,
89,ARIAN FZCO,,
90,ARINC (Branch),,
91,Armacell Middle East (Branch),,
92,ASA Shipping Company FZCO,,
93,Asean International LTD. (Branch),,
94,Asia Business Company FZCO,,
95,ASN FZE,,
96,ASTA Trading FZE,,
97,aster airservices FZCO,,
98,Aster Diamonds FZCO,,
99,ATEIS Middle East FZCO,,
100,ATG Airports Middle East Ltd (Branch),,
101,"Atlas Air, Inc. (Branch)",,
102,Atlas Medical FZCO,,
103,Audi Volkswagen Middle East FZE,,
104,AURIGA-NeST Middle East FZCO,,
105,AuthenTec Holdings FZCO,,
106,Avantgarde Middle East GmbH & Co KG (Branch),,
107,Avanti Express Logistics FZE,,
108,"AVERDA S.A.L. (Holding)
Gulf (Branch)",,
109,Aviation Services Management LTD. (Branch),,
110,Aviatrans International FZCO,,
111,Avienco FZCO,,
112,AVINET (Branch),,
113,Axis Communications (Branch),,
114,Axis Telecom FZCO,,
115,B and M FZCO,,
116,B/E Aerospace (UK) limited (Branch),info@beaerospace.com,
117,B2B FZE,,
118,Baan International (Middle East Branch),,
119,Barcode Logistics FZCO,,
120,Bardawil Aviation Co. (Offshore) s.a.l. (Branch),,
121,Bardawil Aviation FZCO,,
122,BARNETTS MIDDLE EAST FZCO,,
123,Barwil Dubai LLC (Branch),,
124,Base Systems FZCO,,
125,Basell Gulf FZE,,
126,Bauer Equipment Gulf FZE,,
127,Bauer Gulf FZE,,
128,Bax Global L.L.C. (Branch),,
129,BDP (Dubai) LLC. (Branch),,
130,Beauty & Fragrance International FZCO,,
131,Beauty and Scents Int. FZCO,,
132,Belimo Automation FZE,,
133,Bell Com FZCO,,
134,Bemo Systems Middle East FZCO,,
135,Bene AG - Middle East (Branch),,
136,BenQ Middle East (Branch),,
137,Berg Propulsion Middle East (Branch),,
138,Best Homes Emirates Real Estate Construction FZCO,,
139,Betafence Middle East (Branch),,
140,BFI (MEA) (Branch),,
141,Bijan International FZCO,,
142,Bilcare Limited (Branch),,
143,Biltube India Limited (Branch).,,
144,Bioderma Middle East and Indian Subcontinent (Branch),,
145,Biolife FZCO,,
146,Biologix FZCO,,
147,Bisazza Gulf FZE,,
148,Blenz Coffee (Branch),,
149,Blenz Middle East FZE,,
150,Blossom Jewels FZE,,
151,BLP International FZE,,
152,Blue Cell FZE,,
153,Body Solutions FZCO,,
154,Boeing International Corporation (Branch),,
155,Boeing International Logistics Spares Inc. (Branch),,
156,Bommidala Enterprises Middle East (Branch),,
157,BPC Banking Technologies (Branch),,
158,Brand Garden FZCO,,
159,Brandenburg Economic Development Office (Branch),,
160,Braxda Telecom FZCO,,
161,Brenitshu FZCO,,
162,Briggs & Stratton AG (Branch),,
163,Brilliant Stone FZE,,
164,Brinks Global Services FZE,,
165,Brueckner Middle East FZE,,
166,Burj Petroleum Corporation (Branch),,
167,"Burns & McDonnell
Engineering Company Inc (Branch)",,
168,C3 Automation (Branch),,
169,CAE Aviation Training International Ltd. (Branch),,
170,Caelum International FZCO,,
171,Cafe De Paris (Branch),,
172,Calgaro Group FZCO,,
173,California Software Co. LTD. (Branch),,
174,Callatay + Wouters FZE,,
175,Callmate Telecom FZE,,
176,Camelot Oil & Gas Development FZCO,,
177,Captains Freight Services FZCO,,
178,Car Hire Group FZE,,
179,"Cartridge World Middle East ""Al-Roomi Group"" (Branch)",,
180,Casio Computer Co. Ltd. (Branch),,
181,Caspian Petrochemical FZE,,
182,Caterpillar S.A.R.L. Middle East (Branch),,
183,Celkor International FZE,,
184,CELL EXPRESS FZE,,
185,Cellucom Africa FZCO,,
186,Cellucom FZCO,,
187,Cellucom Saratel FZCO,,
188,Ceylinco Consolidated Overseas Ltd (Branch),,
189,Ceylinco Foliage Export (Pvt) Ltd (branch),,
190,CFS Middle East FZE,,
191,CH Warman Slurry Technologies FZE,,
192,Chadwick Technology (M.E.) (Branch),,
193,Chain International Transport Services FZE,,
194,Chanel Limited FZE,,
195,Chantelle Middle East (Branch),,
196,Chapman Freeborn Aviation Services (Branch),,
197,Charles Kendall Freight Limited (Branch),,
198,Chartered Services FZCO,,
199,Chip 1 Exchange FZCO,,
200,Chiquita International Limited (Branch),,
201,Chr. Hansen Middle East FZCO,,
202,City Health Care FZE,,
203,Clarins Groupe (Middle East) Ltd. (Branch),,
204,Clayford Holdings Corp (Branch),,
205,Coffee Marketing Services FZE,,
206,Cogefrin Logistics FZE,,
207,Colour Diamonds FZCO,,
208,"Complejo Hisparab De Exportaciones II, S.L (Branch)",,
209,Concord Aviation FZCO,,
210,Concord Ventures FZCO,,
211,Concord: marlin Lighting (Branch),,
212,Connection FZE,,
213,CONQUEST TRADING FZE,,
214,CONRAC MENA FZE,,
215,Consolidated Restaurant Management FZCO,,
216,CONTEG Middle East FZCO,,
217,Continental Electronics FZE,,
218,Continental Logistics (Branch),,
219,Controls Ltd (Branch),,
220,Copy Chase FZCO,,
221,CORETEC FZE,,
222,Cortem Middle East FZCO,,
223,COSL Middle East FZE,,
224,Cosmopolitan Cosmetics (Branch),,
225,"COSTAIN INTERNATIONAL
LIMITED (Branch)",,
226,Covansys (India) Private Limited-Middle East (Branch),,
227,Coyne Airways FZCO,,
228,CP Contracting & Trading FZE,,
229,CPME FZCO,,
230,Credo Investments FZE,,
231,Crown Diamonds FZE,,
232,Crystalline Middle East FZCO,,
233,CSDEU B.V. ( Middle East ) Branch.,,
234,CSS Logistics (L.L.C.) (Branch),,
235,CTI Group Inc (Branch),,
236,CTP Holding FZE,,
237,Curry Cafe (Branch),,
238,Cybertronics FZE,,
239,Cypress Corporation FZCO,,
240,Daallo Airlines (Branch),info@daallo.com,
241,DAL Group (Branch),,
242,DAMAC Properties International FZCO,,
243,Dangaard Telecom FZE,,
244,Danimex (Iraq) FZCO,,
245,Danimex (Middle East) FZCO,,
246,DANZAS AEI (Emirates) LLC. (Branch),,
247,David Morris London (Branch),,
248,DAXAR Multimedia Limited (Branch),,
249,De La Rue Cash Systems FZCO,,
250,Degussa Gulf FZE,,
251,Delight World Ltd (Branch),,
252,Delmatic Arabia FZCO,,
253,Delta Communication FZCO,,
254,DELTA JEWELTECH FZCO,,
255,Denco Trading FZCO,,
256,Derinton International (Branch),,
257,Derinton International FZE,,
258,DFS Middle East FZE,,
259,DH-Budenberg FZCO,,
260,DHL Worldwild Express - Logistic Center (Branch),,
261,Diageo Great Britain Limited (Branch),,
262,Diaglobe FZE,,
263,Dialust Trading FZE,,
264,Diamond Source FZE,,
265,DICOM FZE,,
266,Diebold Middle East (Branch),,
267,Digital Identification Solutions (Branch),,
268,Digital World FZE,,
269,Digitone International FZCO,,
270,Direct Connections LTD. Middle East (Branch),,
271,Direct Distribution FZE,,
272,DMT Asia FZE,,
273,DNG Fruit Promotion Company (Branch),,
274,DOAAN FZCO,,
275,Dorya Trading FZCO,,
276,Dr. Kurt Wolff - Cosmetics (Branch),,
277,Dr. Reddys Laboratories Ltd. (Branch),,
278,DRILTOOLS International FZCO,,
279,Dubai Express (L.L.C) Freightworks (Branch),,
280,Dubai Office Solutions Ltd (Branch),,
281,Dubai Penthouses & Real Estate FZCO,,
282,"DUBAI SELECT
Immobilienfonds GmbH & Co.KG (Branch)",,
283,Ducom Middle East FZE.,,
284,Dunwich FZE,,
285,Duravit Middle East (Branch),,
286,"E-FREIGHT INTERNATIONAL
LLC (Branch)",,
287,e-Services FZE,,
288,e-sharp FZCO,,
289,EADS Sogerma Services Middle East (Branch),,
290,East Air Cargo FZCO,,
291,East Sun International Trading FZE,,
292,Eastern SkyJets FZCO,info@easternskyjets.com,
293,EBEL Swissam (Branch),,
294,ECE Gulf (Branch),,
295,Ecolog International FZE,info@ecolog-international.com,
296,Ecostar International Holdings FZCO,,
297,Edwards Lifesciences Export (Puerto Rico) Corporation (Branch),,
298,EFFEBI Middle East (Branch),,
299,EICUK Middle East (Branch),,
300,Ekom Eczacibasi Foreign Trade Co. (Branch),,
301,Elecon Middle East FZCO,,
302,Elite Jets FZCO,,
303,Elite Managment Services FZCO,,
304,Elite Mobile FZE,,
305,Elyaco Agency (Branch),,
306,EMI Gems FZE,,
307,Emirates Group Security H.Q.,,
308,Emperion Middle East (Branch),info@emperion.net,
309,Empire International FZCO,,
310,Emtech FZE,,
311,"Endress + Hauser
Instruments International AG (Branch)",,
312,Energy Consulting Kema FZE,,
313,"Energy Solutions
International Middle East (Branch)",,
314,Engineering & Project Management Limited FZE,,
315,Enjoy Bijoux (Branch),,
316,EPL FZCO,,
317,Epoka M.E. FZCO,,
318,Erinys International LTD. (Branch),,
319,ERK MED FZCO,,
320,"ERSM (GUERNSEY) LTD.
(Branch)",,
321,ES Recruitment LTD (Branch),,
322,Essar Steel Trading FZE,,
323,Essex Chemie AG (Branch),,
324,Estee Lauder (Branch),,
325,etaone orient FZCO.,,
326,Euro Suisse International LTD (Branch),,
327,Euro Telecom FZCO,,
328,Euro Telecom FZE,,
329,Euro-Asia Air Services FZE,,
330,Euromed FZE,,
331,European Tobacco International FZE,,
332,Evans & Sutherland (Branch),,
333,Ever Gulf (Branch),,
334,Everest Middle East FZCO,,
335,EVEREX FZCO,,
336,Evergreen International Aviation (Branch),,
337,Execujet Middle East (L.L.C.) (Branch),,
338,Executives Aviation Services FZCO,,
339,Exel Middle East FZE,,
340,Experts Shipping Services LLC (Branch),,
341,EXPOLANKA FREIGHT FZCO,,
342,Exxon International Group FZE,,
343,Eye Business for Trading FZCO,,
344,F.M.E FZCO,,
345,Falat Sang Asia FZCO,,
346,Falcon Trade Corporation FZE,info@falcontradecorp.com,
347,FANAR FZCO,,
348,Fashion Distribution FZCO,,
349,Fashion Square FZE,,
350,FASSKA Middle East FZCO,,
351,Fast Link Dubai FZCO,,
352,Fast Link International (Branch),,
353,FB Heliservices (Branch),,
354,Federal Express International Inc. (Branch),,
355,Felopateer Palace FZCO,,
356,FERCO Shutters Middle East FZCO,,
357,Figs n Olives (Branch),,
358,Firstcom FZE,,
359,Fisher Scientific International (Branch),,
360,Fiza Engineering Corporation (Branch),,
361,FLAVORS (Branch),,
362,Flawless FZE,,
363,Flora International FZE,,
364,Focus Middle East FZCO,,
365,Fonterra Middle East and Africa (Branch),,
366,Food Source International FZCO,,
367,Forbo Flooring Middle East (Branch),,
368,Force Live FZCO,,
369,Forcecom Middle East FZE,,
370,Forever Living Products FZE,,
371,Forwardair International PVT Limited FZCO,,
372,Frame & Associates FZCO,,
373,Frank Middle East (Branch),,
374,Franklin Electric Middle East (Branch),,
375,Freight Systems Co. Ltd. (Branch),,
376,Friedmutter Group (Branch),,
377,"Friends Provident
International (Middle East) (Branch)",,
378,Fromatech Middle East (Branch),,
379,FRP Services & Company (Middle East) FZE,,
380,FRP Services and Company (Branch),,
381,Future Conection FZCO,,
382,Future Enterprises FZE,,
383,G AND S Diamond FZE,,
384,G-Hanz EMF telecom FZCO,,
385,G.A.S. International Services Ltd (Branch).,,
386,GAC Shipping FZCO,,
387,Galaxy Trading Co. FZE,,
388,Galaxy Worldwide FZCO,,
389,"Gama Endustri Tesisleri
Imalat Ve Montaj A.S. (Branch)",,
390,Gap Insaat Dubai FZE,,
391,GAPS FZCO,,
392,GAVA Airfarm Logistics FZCO,info@gava.ae,
393,Geberit International Sales AG (Branch),,
394,GEMAT FZCO,,
395,Gemini Trading Co. FZE,,
396,Genesis Forwarding Services (Middle East) Ltd (Branch),,
397,GET Group FZE,,
398,"Ghabbour International
Trade & Free Zones Trade (Branch)",,
399,Giesecke & Devrient FZE,,
400,Giesecke & Devrient Holding FZE,,
401,GIG Middle East (Branch),,
402,GIS DEVELOPMENT (Branch),,
403,"Glem Gas International Trading, LDA (Branch)",,
404,Global Brands FZCO,,
405,Global Business Solutions FZCO,eadquarters@gbsuae.com,
406,Global Mall Organization (GMO) FZE,,
407,Global Services FZE,,
408,Global Solutions FZE,,
409,Global Strategic Business Consultancy FZCO,,
410,Global Strategies Group (Middle East) FZE,,
411,Global Technical Engineering Company FZCO,,
412,Global Technology & Software FZCO,,
413,Global Telecom Services Company FZCO.,,
414,Globstar Middle East FZE,,
415,GLOCK Middle East FZE,,
416,GMP German Medical Products Middle East (Branch),,
417,Go-Gulf FZE.,,
418,Golden Mobile Stores FZCO,,
419,Grand Stores L.L.C. (Branch),,
420,Grant Prideco Middle East (Branch),,
421,Greatlinks Limited (Branch),,
422,Green Technologies FZCO,talktous@greentechno.ae,
423,Green Wave Trading FZCO.,,
424,Groupe SEB Export - Middle East (Branch),,
425,GroupSAT FZCO,,
426,GSM 4U DOT COM FZCO,,
427,Guerlain Middle East (Branch),,
428,Gulf Agency Company (Branch),,
429,Gulf Aluminium Systems FZCO,,
430,Gulf Med FZE,,
431,Gulf Petroleum & Crude Oil Resources FZCO,,
432,Gulf Valley Future Co. FZCO,,
433,Gulf Wireless FZCO,,
434,Gunnebo Security (Branch),,
435,Gutmann Systems Middle East FZCO,,
436,H.B. Agency (Branch),,
437,Hadid International Services FZE,,
438,Hammer FZE,,
439,Hamon Cooling Tower Company FZCO,,
440,Hanover Eastern Hemisphere FZE,,
441,Hanwa Co. LTD (Branch),,
442,Hargreaves International FZE,,
443,Harris International FZE,,
444,Hart Security FZE,,
445,Hassans Derivision FZCO,,
446,Hauyne FZCO,,
447,Havells (Branch),,
448,Hawk Freight Services FZE,,
449,Hawk Freight Services Ltd (Branch),,
450,Hayashibara International Inc (Branch),,
451,HBI FZCO,,
452,HC Trading (Branch),,
453,Hennessy Middle East (Branch),,
454,HerbalScience FZCO,,
455,Heston Group FZE,,
456,Hetero FZCO,,
457,High Sealed and Coupled FZCO,,
458,Hill McGlynn & Associates Limited (Branch),,
459,Hiro Enterprise FZCO,,
460,HLB-NGA International (Branch),,
461,Hoffmann Montagen (Branch),,
462,Hollywood Magic (Branch),,
463,Horizon Distribution FZE,,
464,Hot Brands International FZCO,,
465,HRP Middle East (Branch),,
466,Huda Lighting FZCO,,
467,Hünnebeck Middle East FZE,,
468,Husky Injection Molding Systems (Branch),,
469,Hutchison Port Holdings Limited (Branch),,
470,i1 FZE,,
471,ICAT FZCO,,
472,ICT Frontiers FZE,,
473,Iguzzini Middle East Representative Office (Branch),,
474,"IJS International Holdings
B.V. (Branch)",,
475,IKPT Overseas FZE,,
476,IKUSI MIDDLE EAST FZE,,
477,IMARA International FZCO.,,
478,IMCO Trading FZE,,
479,Imdad FZCO,,
480,Imdad Medical Co. Ltd. (Branch),,
481,IMI Mobile Vas Ltd FZE,,
482,Indus Gems Inc. (Branch),,
483,Infopro International FZCO,,
484,Infotech Enterprises Limited (Branch),,
485,Innovate Design FZCO,,
486,Innovative Catering Equipment Middle East FZCO,,
487,Instant Cash FZE,,
488,"INSTITUTE OF ELECTRICAL & ELECTRONICS ENGINEERS
(Branch)",,
489,Integrated Packaging Systems FZCO,,
490,"Intellect, INC (Branch)",,
491,Interactive Audio Education FZE,,
492,Interfire International Middle East FZCO,,
493,INTERFOODS FRESH AND FROZEN FZE,,
494,Interfruit FZE,,
495,Interken Logistics FZCO,,
496,INTERMET FZCO,,
497,International Air Charter FZCO,info@privatejetcharter.com,
498,International Air Charter PLC-Middle East (Branch),,
499,International Air Services FZE,,
500,International AutoSource-A division of OMSC (Branch),,
501,International Credit Care FZE,,
502,INTERNATIONAL FRAGRANCE SPA (Branch),,
503,International Furniture Ltd. (Branch),,
504,International Marketing Service (Branch),,
505,International Network Services MEA(Branch),,
506,International Shenger FZCO,,
507,International SOS MEA (Branch),,
508,International Time Trading FZE,,
509,Interval International FZE,,
510,Intraco International Middle East (Branch),,
511,Intracom Middle East FZE,,
512,IP Dish FZCO,sales@ipdish.net,
513,IPSSL Group (Branch),,
514,IQC International FZCO,,
515,ISCOME FZE,,
516,Ishtar Airlines FZCO,,
517,IST Networks (Branch),,
518,IT & Data Processing FZE,,
519,ITM FZCO,,
520,ITON Corporation FZCO,info@itoncorp.com,
521,"ITR Co., Ltd. Middle East (Branch)",,
522,IVAX Pharmaceuticals MENA Region (Branch),,
523,IVECO Regional Representative Office (Branch),,
524,J Square Trading LTD (Branch),,
525,JABCO International FZE,,
526,JAS (Middle East) FZE,,
527,JC Westerman FZCO,,
528,Jenbacher FZE,,
529,Jet Alliance Middle East FZE,,
530,Jet Aviation Business Jets FZCO,,
531,Jet-Ops FZE,,
532,JetEx FZCO,,
533,Jetset Cargo FZE,,
534,Jewel Trade FZE,,
535,Johnson & Johnson (Middle  East) Inc. Service Center (Branch),,
536,Jolly Board Ltd. (Branch),,
537,Joud Telecom FZE.,,
538,Jublee Logistics FZE,,
539,"Juma Al Majid-Engineering
Projects & Supplies Division (Branch)",,
540,Kahloon Enterprises Limited (Branch),,
541,Kaiser Consulting Limited. (Branch),,
542,Kanaha Restaurant FZCO,,
543,Kanegrade Middle East (Branch),,
544,KASB Petroleum FZCO,,
545,Kathrein Middle East FZCO,,
546,Kazmortransflot Ltd (Branch),,
547,KCI Medical Middle East (Branch),,
548,Kintetsu World Express (Middle East) FZE,,
549,Kiran Goldstar FZE,,
550,Kitz Corporation (Branch),,
551,"Knauf AMF
Verwaltungsgesellschaft mbH (Branch)",,
552,Knights & Walker FZE,,
553,KNOC Dubai (Branch),,
554,Korn - Ferry (Schweiz) AG (Branch),,
555,Kympa Arabia FZE,,
556,L.M.S. Logistic Middle East Services FZCO.,,
557,Langmead Associates W.L.L ( Branch),,
558,"LE VENCH INTERNATIONAL
LTD (Branch)",,
559,"Lexli International, Inc FZE",,
560,Lindner AG Middle East (Branch),,
561,Link International Trading FZCO,,
562,Linkglobal Logistics International FZE,,
563,Liptis Middle East (Branch),,
564,Lisec Middle East Ltd. FZE,,
565,Locatel MEA-AP FZCO,,
566,Logix Gulf Aviation (Branch),,
567,Louis Poulsen Lighting (Branch),,
568,Loylogic Middle East FZCO,,
569,Loylogic Rewards FZE,,
570,LS Cargo Logistics (Middle East) Branch,,
571,Lufthansa Technical Training (Branch),,
572,Luxottica Middle East FZE,,
573,Luxurious Jewels International FZCO,,
574,LVMH Watch & Jewellery Far East Limited - Middle East Branch,,
575,M E Software Distribution FZE,,
576,Maam Trading FZCO,,
577,MACH Air Cargo FZE,,
578,Machine Vision Products (Branch),,
579,Machinery International FZE,,
580,Madison Holding FZCO,,
581,Magic Wok (Branch),,
582,Magnetrol Middle East (Branch),,
583,Mahtaab Gostar International FZE,,
584,Majestic Air (Branch),,
585,MAKS Media Group FZE,,
586,MAN Middle East FZCO,,
587,Mann+Hummel (Branch),,
588,MARCURA FZE,,
589,Marcus Evans FZE,,
590,MARK WEIGH FZCO,,
591,Markwins International Middle East (Branch),,
592,MARWACO International FZE,,
593,MAS i FZCO,,
594,Masefield Middle East FZCO,,
595,Mashriq Telecom FZE,,
596,Master Chef Catering L.L.C. (Branch),,
597,Matrix Information Technology FZCO,,
598,Maui Jim Middle East FZE,,
599,Max Petrochem FZCO,,
600,Maximum Telecom FZCO,,
601,Mayne Pharma (ME & NA) (Branch),,
602,McNally Design International M.E. FZCO,,
603,MEC Corporation (Branch).,,
604,Med-El Medical Electronics - Middle East FZE,,
605,Medcomm Holding Inc (Branch),,
606,MEGlobal International FZE,,
607,Mehler Haku (Branch),,
608,MEMRB Retail Tracking Services Gulf FZE,,
609,Merck Middle East FZE,,
610,Metasolv Software Middle East (Branch),,
611,Metcom (Branch),,
612,Metronic Global Berhad (Branch),,
613,Mexx Middle East Center FZE,,
614,MIA Marketing-International Agency (Branch),,
615,MIB Trading FZE,,
616,MICROTEL FZCO,,
617,Microwave Data Systems Inc. (Branch),,
618,Midcom International FZCO,,
619,Middle East Duty Free Association (MEDFA) FZE,,
620,Middle East Fish FZCO,,
621,Middle East Networks FZE,,
622,Middle East Optronics FZCO,,
623,Mideast International FZCO,,
624,Midex FZCO,,
625,Midsummer Business (Branch),,
626,MindsTec Distribution FZCO,,
627,Mining Equipment Supplies Africa FZE,,
628,"Mitsubishi Caterpillar
Forklift Europe - (Middle East Branch)",,
629,Mitwalli Global Investments (Branch),,
630,MKS Technology GMBH (Branch),,
631,"Modern Pharmaceutical Co.
""Pfizer Consumer Healthcare"" (Branch)",,
632,Modest Company (Branch),,
633,Monalisa Diamonds Corporation FZE,,
634,MoneyGram Overseas (Branch),,
635,Morex Inc. (Branch),,
636,Mouawad Gulf (Branch),,
637,Move one relocations FZE,,
638,MSL International (Branch),,
639,MultiSell Technology Middle East FZCO,,
640,Music Master FZE,,
641,NAAM Electronics FZE,,
642,Napco Gulf Security Group (Branch).,,
643,National Air Cargo Middle East FZE,,
644,National Grid Middle East FZCO,,
645,"National Rent A Car (Thrifty)
- (Branch)",rez@thriftyuae.ae,
646,Natura Bissé International (Branch),,
647,Natural Health Products FZCO,,
648,NEC Philips Unified Solutions Nederland B.V (Branch),,
649,NECON FZCO,,
650,NeST Technologies MEA FZCO,,
651,NetFoods International FZCO,,
652,Netgear International Inc. (Branch),,
653,NetHawk Oyi (Branch),,
654,Network Logistic Services FZCO,,
655,Neuro Technology Middle East FZE,,
656,New Dental Technologies FZCO,,
657,New Wave FZCO,,
658,Newell Rubbermaid Middle East FZE,,
659,Newtel FZCO,,
660,Nexen Petroleum International Ltd (Branch),,
661,NICRINOX FZE,,
662,NIIT Antilles N.V. Middle East (Branch),,
663,Nikatel FZCO,,
664,Nimarha FZE,,
665,Nipro Asia PTE. LTD (Branch),,
666,Nipro Middle East FZE,,
667,Niru Middle East (Branch),,
668,NMT International FZCO,,
669,Noble House FZE,,
670,Noble Knight Trading FZCO,,
671,Nokian Capacitors (Branch),,
672,"Northrop Grumman
International Services Company Inc (Branch)",,
673,Novatex GmbH (Branch),,
674,NSK Middle East (Branch),,
675,NTS FZCO,,
676,NU Telecom (Dubai) LTD (Branch),,
677,Oasis Distribution FZCO,,
678,Oasis Trading Company FZE,,
679,Oasis Trading FZE,,
680,Oberthur Card Systems SA (Branch),,
681,Ocean Connection FZE,,
682,Oceanic Trade and Services FZCO,,
683,OCTARA MANAGEMENT SERVICES FZE,,
684,ODC FZE,,
685,OIC Gmbh ( Branch),,
686,"Oil & Gas Engineering-
Maintainance Expert Group (OGE-MEG) FZCO",,
687,Oilbay Services FZCO,,
688,Oilfield Production Support Group Limited (Branch),,
689,Oki Europe Limited (Branch),,
690,"Oman Enterprise Group
L.L.C. (Branch)",,
691,OMAN MARBLE FZCO,,
692,Openway Middle East FZCO,,
693,Optical Disc Technology Centre (Branch),,
694,Optimum 3 GCC FZE,,
695,Orengor Management Limited FZCO,,
696,Orient Energy Systems FZCO,,
697,Oriental Sky Aviation FZE,,
698,Orion Engineering and Aerospace Systems FZCO,,
699,Orion Holding Limited (Branch),,
700,Oubari Pharma (Branch),,
701,"Overseas Security &
Strategic Information Limited (Branch)",,
702,P.J.S.C TPK FELIX (Branch),,
703,Pace Networks Corporation (Branch),,
704,Pacific Creation Parfums (Branch),,
705,Pakistan Engineering Services (Branch),,
706,Panalpina Gulf (Branch),,
707,Panasia International FZCO,,
708,Panasonic Avionics Corporation (Branch),,
709,Paperlink International Limited (Branch),,
710,Paragon FZE,,
711,Parekh Platinum Middle East Ltd.(Branch),,
712,Parfums Christian Dior S.A. (Branch),,
713,Parfums Givenchy Middle East (Branch),,
714,Paris Gallery (Branch),,
715,Paris Gallery Regional FZCO,,
716,Parkline Middle East FZCO,,
717,Parshva International Ltd. (Branch),,
718,Paul Hartmann Middle East FZE,,
719,Paxchem Ltd. (Branch),,
720,PCM Middle East (Branch),,
721,Peace International FZE,,
722,Pearson Education Limited (Branch),,
723,Pedrollo Gulf FZE,,
724,Perfumes Loewe Middle East (Branch),,
725,Perini International (Branch),,
726,Persequor Holding I FZE,,
727,Petropipe Middle East (Branch),,
728,PETROQUIP FZCO,,
729,PFS Logistics FZCO,,
730,Pharma Rent-Aandersson Group (Branch),,
731,Pharmacia International (Branch),,
732,Phoenix Fuel LLC (Branch),,
733,Phoenix FZCO,,
734,Pictometry Middle East FZCO,,
735,Pierre & Co. FZE,,
736,PIERRE & CO.(Branch),,
737,Pitney Bowes Middle East (Branch),,
738,Pittsburgh Corning Europe (Branch),,
739,Planet Optical Disc Ltd. FZE,,
740,Platinum Corporation FZE,contact@platcorp.com,
741,Plus 971 FZE,,
742,Polymer Latex International (Branch),,
743,Porsche Middle East FZE,,
744,Portland Design Associates LTD. (Branch),,
745,POS-Solutions Middle East FZE,,
746,Praton Holding FZE,,
747,Precast FZCO,,
748,Premier Company FZCO,,
749,"Premium Aircraft Interiors
Group Middle East Services (Branch)",,
750,PREMIUM Development FZE,,
751,Priedemann FZCO,dubai@priedemann.net,
752,Prime International FZCO,,
753,Professional Jet Solutions FZCO,,
754,Project Management Group FZCO,,
755,Projenco Al Khaleej FZE,,
756,"Prysmian Cables and
Systems Middle East (Branch)",,
757,PS International FZCO.,,
758,PT Biltube Indonesia (Branch),,
759,Purvashi World Trading Limited (Branch),,
760,PWC Logistics (Branch),,
761,Q & B Diamond House FZCO,,
762,Qatar Optics FZCO,,
763,"R & B Creative Products, INC (Branch)",,
764,R J Associates FZE,,
765,Rainbow International FZCO,,
766,Rais - Mils Logistics FZCO,,
767,Raycom Group Limited (Branch),,
768,RCG (M.E) FZCO,,
769,Red Bull Asia FZE,,
770,Red Bull FZE,,
771,Red Entertainment Distribution FZCO,,
772,Red Sea Oil Tools FZCO,,
773,ReedHycalog Middle East (Branch),,
774,Regus (Branch),,
775,Regus Business Centre Trading FZCO,,
776,Reichle & De-Massari MEA (Branch),,
777,Reinhausen Middle East FZE,,
778,Resources Technical Services Limited FZCO,,
779,Revlon Middle East (Branch),,
780,RGB Systems Inc. (Branch),,
781,Rhema Communications (Branch),,
782,Richemont (Dubai) FZE,,
783,Ring Distribution FZCO,,
784,Rivoli Group (Branch),,
785,RK Marine Equipment FZCO,,
786,RMM Global FZCO,,
787,Robert Bosch Middle East (Branch),,
788,Roche Middle East FZCO,,
789,Rolling Stones FZE,,
790,Rolls-Royce International Ltd. (Branch),,
791,Rolls-Royce Power Ventures Overseas Ltd. (Branch),,
792,Rosy Blue FZE,,
793,Royal Corporation Group LTD. (Branch),,
794,"Royal Skandia Life
Assurance Limited (Middle East Branch)",,
795,Royal Wings Aviation Services FZCO,,
796,RSR FZE,,
797,Rush Pharmaceutical FZCO,,
798,Russel Diamonds FZCO,,
799,Russell Partnership International FZCO,,
800,S and R FZE,,
801,S.R.B International FZCO,,
802,Sacmi Middle East FZCO,,
803,Safe Drive FZE,,
804,Safenet Security Services (Pty) Ltd. (Branch),,
805,Safin Gulf FZCO,,
806,Safwan Arafeh Group FZCO,,
807,Saipem Kharafi National MMO FZCO,,
808,Salzgitter Mannesmann International GmbH (Branch),,
809,Sasol Polymers Middle East FZE,,
810,Saudi Industrial Export Company (Branch),,
811,SC Johnson Company Limited (Branch),,
812,SCAME Middle East (Branch),,
813,Scandinavian Ecotechnologies FZCO,,
814,Scents and Co. FZE,,
815,SCHÜCO International KG (Branch),,
816,Schaefer GMBH Middle East (Branch),,
817,Scheibye Trading Middle East FZCO,,
818,SCIENT X Middle East (Branch),,
819,Sea Air Transport GmbH & Co. KG (Branch),,
820,Seasif Group FZCO,,
821,Secure Globe FZCO,,
822,Security Management Applications FZE,,
823,Securtex ME FZCO,info@securtexme.com,
824,SecuTech FZE,,
825,Seele FZE,,
826,"SEGERS AVIATION SA
(Branch)",,
827,Selltech International Corporation (Branch),,
828,Senko Mid East FZCO,,
829,Sennar Plat Form FZCO,,
830,Sensyo ME FZCO,,
831,Sepura Middle East (Branch),,
832,Sequor Systems FZE,,
833,Serai Capital FZCO,,
834,SERCO-IAL (Branch),,
835,SH Middle East (Branch),,
836,Shaan Gems FZE,,
837,Shams Commercial FZCO,,
838,Shape CD Global FZCO,,
839,Shirin Flowers FZCO,,
840,SICMA Aero Seat Middle East (Branch),,
841,Sidel Gulf (Branch),,
842,SIG Combibloc Obeikan FZCO,,
843,Simplex FZE,,
844,Sisley Orient FZCO,,
845,Siteco Lighting Systems (Branch),,
846,Skipper Overseas FZCO,,
847,Sky FZCO,,
848,Sky Lighting Design FZCO,,
849,Skylink Arabia FZE,,
850,SMARTBridge ME FZCO,,
851,SMARTJET Airways FZCO,,
852,Smiths Detection Middle East FZE,,
853,SMS Gulf FZE,,
854,Sofrimex Middle East FZE,,
855,Soft & Wireless FZCO,,
856,Sol Cargo FZE,,
857,Sol Investment FZE,,
858,SOL TELECOM FZE,,
859,SOL-SOLUTION FZE,,
860,Solid International FZE,,
861,Solitaire FZE,,
862,Solwo International FZCO,,
863,Sonic Wall B.V. (Branch),,
864,Source International FZCO,,
865,Source IT FZCO,,
866,Specialized Construction Materials FZCO,,
867,Spectrum FZCO,,
868,Speed Remit Worldwide FZCO,,
869,Square FZE,,
870,SR Technics Management Middle East (Branch),,
871,SS Distribution FZE,,
872,Star Commodotties FZE,,
873,Star International (Branch),,
874,Statron Middle East FZCO,,
875,"STB ASIA IMPEX (M.E) INC.
(Branch)",,
876,Steelcase (Branch),,
877,Ster Century Middle East FZE,,
878,Straits Trading Company FZE,,
879,Stratign FZCO,,
880,Strawberry Communications FZCO,,
881,Strom Telecom (Branch),,
882,Suaksh FZCO,,
883,Subway (Branch),,
884,"Sumitomo Densetsu Co., Ltd. MENA (Branch)",,
885,Summit Steel Corporation (M.E.) FZCO,,
886,Sundiam FZCO,,
887,Superwide Digital FZCO,,
888,SupplyCore Middle East FZCO,,
889,Susfour Trading Company (Branch),,
890,"Swift Freight International
L.L.C. (Branch)",,
891,Swiss Moda FZE,,
892,Swiss Time FZE,,
893,Swiss Watch Group FZCO,,
894,"Sylvan Chemical Co., Inc. (Branch)",,
895,Symbiosis (Branch),,
896,Systime ME FZCO,,
897,T.Arkak Middle East (Branch),,
898,T.N.T. (Branch),,
899,TADI Food holding FZCO,,
900,Tadweer FZE,,
901,Tara Meera FZCO,,
902,Taradiam Middle East FZE,,
903,"TASC FZCO (TOTAL Airline
Services Company)",,
904,TATA Motors Ltd. (Liasion Office) (Branch),,
905,TBS Aviation Limited (Branch),,
906,TECH Enterprise FZCO,,
907,Tech Mahindra (Branch),,
908,Technal Middle East (Branch),,
909,Techno Trade FZCO,,
910,Technostream FZCO,,
911,Tekfen Construction & Installation Co. Inc. (Branch),,
912,Tele Line Communication FZE,,
913,TELEC FZE,,
914,Telecom Generation Company FZE,,
915,Telecom World FZE,,
916,TEMPUR International  Limited M.E. & Africa (Branch),,
917,TENSATOR FZE,,
918,Terramar Gulf FZCO,,
919,TESA Middle East (Branch),,
920,Tescorp Global FZCO,,
921,Tetra Pak Technical Service Middle East (Branch),,
922,TH KazMunaiGaz Middle East FZE,,
923,Thakur Flowers FZCO,,
924,Thales International Middle East FZE,,
925,The Clean Energy Company FZCO,,
926,The Copyright Company - Bahrain (Branch),,
927,The Eden Club FZE,,
928,The Himalaya Drug Company FZCO,,
929,The Mobile and Electronics FZE,,
930,The Mosbach Group FZCO,,
931,The National Bank of Dubai (Branch),,
932,THE RED FORT (Branch),,
933,"THE YOKOHAMA RUBBER
CO. LTD (Branch)",,
934,Thomas And Betts Ltd. (Branch),,
935,THOMSON Broadcast & Media Solutions (Branch),,
936,Thor International FZCO,,
937,THOR Management Services FZE,,
938,Three-D Natural Healthcare Inc. (Branch),,
939,Time Group (Middle East) Ltd. (Branch),,
940,TKJ FZE,,
941,TMK M.E. FZCO,,
942,Topnet Distribution FZCO,topnet@eim.ae,
943,Total Trading FZE,,
944,Tour & Andersson (Middle East) Ltd (Branch),,
945,Towell Security & Safety Solutions Company FZCO,,
946,Tower Air Cargo Services FZE,,
947,Tractebel Parts & Repairs FZE,,
948,Tradco FZCO,,
949,Tradeinvest FZCO,,
950,Trading Gate FZCO,,
951,Trans Ocean Distribution (Middle East) FZCO,,
952,Trans-Aero FZE,,
953,Transera International Logistics FZE,solutions@chrobinson.com,
954,Transoceanic Logistics (Branch),,
955,TRANSSTAR LLC (Branch),,
956,Transvalair Middle East (Branch),,
957,Tremix Overseas FZCO,,
958,Trident Freight (Branch),,
959,Trident International Holdings FZCO,,
960,Triview Middle East FZCO,,
961,TTG Solutions LTD. (Branch),,
962,Tulip Business Developers FZCO,,
963,Tulip Diamonds FZE,,
964,TUV Rheinland Middle East FZE,,
965,Twinkle International FZE,,
966,TwinMOS Technologies Middle East FZE,,
967,U.S. Robotics Middle East & North Africa (Branch),,
968,U.S.H. Freight FZE,,
969,Uman Trading FZE,,
970,UMS Group (Branch),,
971,UNI Supplies FZCO,,
972,UNICOM FZE,,
973,Union Group (Branch),,
974,United Aviation Services FZCO,,
975,United International Technology FZCO,,
976,"United Parcel Service (UAE)
L.L.C. (Branch)",,
977,United Pharmacuticals (Branch),,
978,United Transport Solutions FZE,,
979,UNIVERSAL TRADING FZE,,
980,"UNOPS (United Nations
Office for Project Services) (Branch)",,
981,UPS Air Couriers of America LTD (Branch),,
982,UTI FZE,,
983,Uttam Sucrotech International FZCO,,
984,Vacon Middle East & Africa (Branch),,
985,Van Bohemen Flowers FZE,,
986,VANDANA FZCO,,
987,Vector Energy FZCO,,
988,Vector Logistics Limited ( Branch),,
989,VEKA AG (Branch),,
990,VENKYS (MIDDLE EAST) FZCO,,
991,Verotex Gulf (Branch),,
992,View Star International FZCO,,
993,Vigor International Corporation FZCO,,
994,Vijay Diamond FZE,,
995,Vinci Construction Grands Projets (Branch),,
996,Vintage Holdings LTD. (Branch),,
997,VIP Thoroughbreds FZCO,,
998,VISIONS FZCO,,
999,voestalpine Tubulars Middle East FZE,,
1000,Vygon Middle East (Branch),,
1001,W.S. Engineering Consultants Ltd (Branch),,
1002,Warrington Fire Research Group (Branch),,
1003,Weber Aircraft LP Middle East (Branch),,
1004,Welding Products Group FZE,,
1005,West Wing Aviation FZCO,,
1006,Westlander Limited FZE,,
1007,Weston Solutions Global (Branch),info@westonsolutions.com,
1008,WET Design (Branch),,
1009,Wheelabrator Allevard Middle East & Africa (Branch),,
1010,Wilkhahn Middle East (Branch),,
1011,Winnington FZCO,,
1012,Wiztech Consultancy FZE,,
1013,Workz International FZE,,
1014,WORKZ LOGISTICS FZE,,
1015,Workz Middle East FZE,,
1016,World Base Trading FZE,,
1017,World Wide Trading FZCO,,
1018,world-of-fonds.com GmbH & Co. KG (Branch),,
1019,Worldspace Middle East FZCO,,
1020,WorldSpace UK Limited (Branch),,
1021,"Worldwide Oilfield Machine
M.E. (Branch)",,
1022,WSD FINANCIAL GROUP LTD (BRANCH),,
1023,WWNS International FZCO,,
1024,WWW.dubaiquiz.com (Branch),,
1025,Wyeth Pharmaceuticals FZE,,
1026,XICOM Middle East FZCO,,
1027,Xtra- Link FZCO,,
1028,Xtreme Defence Security Inc. (Branch),,
1029,Xvise Innovative Logistic (Branch),,
1030,"YANTAI WANHUA POLYURETHANE Co, LTD
(Branch)",,
1031,"Yusen Air & Sea Service Co., Ltd (Branch)",,
1032,ZAFIN (Branch),,
1033,Zalvand FZCO,,
1034,Zenith International FZE,,
1035,zisTRA FZE,,
1036,Eii Avsco Fzco,Info.dxb@cornerstonevalve.com,
1037,Gati Middle East FZE Nova International Fze,"customerservice@gati.com, info@novafze.com",
1038,Aurion Business Consultants,contact@aurionuae.com,
1039,Boeing International Logistics Spares Inc,info@boeing.com,
1040,Kowa Company Ltd,info@kowa.co.jp,
1041,Voest Alpine Tubulars Middle East,sales@vatubulars.com,
1042,Schueco International KG,info@schueco.com,
1043,Trans Aero Power Plant Services FZE,info@trans-aero.com,
1044,Metlife Alico American Life Insurance Company,customerservices.gulf@metlife.ae,
1045,Vision Air International,info@visionairintl.com,
1046,Palm Aviation,info@palmaviation.aero,
1047,Fearnley Procter FZE,sales@fp-g.com,
1048,Robway Crane Safety Systems ME,TLS_EMEA@trimble.com,
1049,Opterna Middle East FZCO,SALES.ME@OPTERNA.COM,
1050,Green Office Company The,info@thegreenofficecompany.com,
1051,Netgear Middle East,sales@netgear.com,
1052,Skill Set Consulting,info@skillsetme.com,
1053,Empire Aviation Group,info@empire.aero,
1054,Tesar Free Zone,info@tesar.eu,
1055,Osho Ventures Free Zone Company,office@foodsource.ae,
1056,Knights & Walker Middle East LLC,dubai@knightsandwalker.co.uk,
1057,Kintetsu World Express Middle East FZE,info@kwe.com,
1058,Targetti Poulsen,targetti@targetti.it,
1059,OKI Printing Solutions Middle East,oki.me@okieurope.com,
1060,KCI Medical ME & Africa,info@kci-medical.com,
1061,Vision Geo Information Solutions,info@vision-me.com,
1062,Freemont Group,info@freemontgroup.com,
1063,Dunbar Boardman,mail@dunbarboardman.com,
1064,Speed Remit Worldwide Ltd,info@speedremit.com,
1065,ITW Welding Product Group FZE,contact@itw-me.ae,
1066,Dubai Airport Free Zone - Dafz,sales@dafz.ae,
1067,homyonline,ahsan.hptech@gmail.com,
1068,CLARITY SOLUTIONS FZE,sales@claritysolutions.me,
1069,CSDEU BV,sales.mea@foxconn.ae,
1070,Winnington Free Zone Company,info@winnington.eu,
1071,Gulf IT Innovations,info@gulfitinnovations.com,
1072,DubaiWebBusiness,info@dubaiwebbusiness.com,
1073,Jacky’s Group of Companies,jackygroups@gmail.com,
1074,Fusion Floors Dubai,fusionfloor25@gmail.com,
1075,Cool Ways LLC,info@coolwaysllc.com,
1076,Arab Business Consultant,info@arabbusinessconsultant.com,
